param_0,param_1,param_2,param_3
-0.13248269824436743,-0.16848339285979158,-0.014264905604529693,2
0.037764737006901195,0.09968638211492206,-0.09880502121486401,2
-0.07534057132918724,-0.09686308869235244,0.006308446767846861,9
-0.03778462026555782,0.014194491861172867,-0.01862451480129571,9
-0.03512553197077938,-0.13254456951888693,-0.08227297457536592,8
0.04283942539311553,-0.02125439890442368,0.10019063724504106,3
-0.0836537442631004,0.08843468661126393,-0.058133356489750966,7
0.10723852552542897,0.08151788503436097,0.09367973745462171,4
0.06455145867653092,-0.014365485976801182,0.1167347486433744,2
-0.0750789588026272,-0.11169672323028752,-0.012525862884944753,9
0.13949337392347,-0.04928781688214945,0.017956998467433337,6
-0.055829785026160955,-0.05961467064000438,0.024933002098303944,5
-0.079055568943296,0.0063759991589043274,0.07337064660218552,3
0.053022490388673495,-0.07465544304764764,0.00963497705223912,1
-0.04520230672205061,-0.04378805629084824,-0.004795311935802403,3
0.15167165877165245,-0.04325814588978234,0.10014737940715975,2
-0.028696372432592668,0.09920956002640845,-0.03310770542438745,6
0.07022548621525387,-0.10598644693253874,0.09693599357191394,5
0.3001942171248171,0.1102507066901435,-0.19817126654803296,5
0.2185425954115262,0.0756974181815731,-0.13052318690908138,7
-0.07809292914757016,-0.08369063103773822,0.07720148764893944,0
0.2071534062625051,0.18603966253698978,0.05731369098711239,8
0.01823895372806923,0.10575822467542895,-0.046685402015364856,8
0.14819895641482508,0.12188387503792984,-0.2072384737347291,3
-0.006362161978757589,-0.025226563596926745,-0.06709565695421797,6
-0.09466188420710173,-0.07601776943678841,0.0070916041139714855,0
0.02490747187142595,-0.06954988723706909,-0.02858981147513638,6
-0.1385438591248531,0.0103342004720714,-0.03002711337297609,5
0.03906509821923949,0.2119517830426165,0.016065679230091466,4
0.005180542414187029,0.018248018681092795,0.05969342218270318,5
-0.02150526376969904,0.20003484386205153,0.07790156181451226,5
-0.10944359213374973,-0.08025763923408864,-0.12982922937930133,0
-0.049560630243667525,-0.05150292669624652,-0.008077309276352427,3
0.04838994613664002,0.07511065343531655,0.051757103944444174,3
0.05075846113674566,0.1566009145542325,-0.09837485675535818,0
0.004023566849142265,-0.07000343154620652,-0.08315839579975576,3
0.02503030134718743,-0.13766544041776793,0.025701974554948666,7
-0.005436181336255146,0.12249728276776894,0.04227037729471006,3
-0.060244989944688423,0.01523872825859271,-0.13802640540552444,0
-0.24654111203822593,-0.12094304864081401,0.0132218912296121,6
0.12140965470071532,0.1651622632613945,0.12361933219113562,2
0.021608683247355764,0.0781054669873254,-0.12736773475151594,7
0.04982049540868303,0.06259115776654638,-0.027417332573034178,9
-0.07777779268847407,-0.030071660823735497,-0.10220136812979914,3
0.1421504489540716,-0.10619237229679893,-0.09838058383768165,6
-0.23864094756229992,-0.12155274738193345,-0.026932695954488113,4
-0.09796217476073166,0.050341514681974425,0.059341081600815276,8
-0.26620238085932124,-0.06042871068211956,-0.10642783208609158,4
0.08695158681361465,0.0025955507638126935,0.14651249877221045,8
0.0689148776130856,-0.03077363014433518,0.06306928859433135,4
0.060016767836922606,0.08232757877108635,-0.08404635070621586,3
-0.05576708728699325,-0.1658506907461376,0.009542115397897642,2
-0.22021216919495404,-0.05797585284057433,-0.044408454439400585,5
0.005595801308994822,-0.07429510819605102,0.039728846875976796,8
-0.07284868744943233,0.1233182691219988,-0.07468928677611292,4
-0.05002252356184485,0.03038334844937883,-0.021833695534310048,8
-0.06984538285739085,-0.0702976834291581,0.21115442270551701,6
-0.12145504684382352,0.1434034920143889,-0.03820988659466251,5
-0.09030945153987395,-0.09294423414669573,0.06648958402360815,1
-0.08383106042777108,-0.03652449239247626,-0.07841607064271222,9
-0.19364952667620527,0.010279329260898092,-0.058595367188916295,8
0.0039220564149823715,0.08149358040440968,0.08993114320480815,6
-0.09433842260077932,0.0715020496468866,-0.08181243148561136,5
-0.13660007654900977,0.07902470523734748,0.06423006637043992,5
0.09884439563545183,-0.06826692932477726,-0.04751514615509247,7
-0.0008845551567996475,0.13309456580962384,-0.11807734418034964,3
-0.09291164595256622,-0.10282319322805496,0.05059639635354223,9
0.08268277574604978,0.15931521126322765,0.0567779959484125,8
-0.049574700634352126,0.020959925996398166,0.07012859283270606,8
0.3202517054106632,-0.10962502360702725,-0.013256377269508124,5
0.024257165975375673,-0.06120308236616578,-0.017567536177321885,3
0.08055475762261739,-0.020551191826409677,-0.007222624323745472,9
-0.018529818799414812,-0.07634693051314073,-0.02926195511817711,0
-0.06266690177220176,-0.10339724353017919,-0.13667477983184256,8
0.040843707692398444,-0.049967679534011905,-0.019591987582292497,0
-0.07894205058551725,-0.22749880153942148,0.011865070557036415,8
-0.09326652145582304,-0.08279056324027759,0.004744580575709553,5
0.0724946762401848,-0.07766000488534801,0.08370219725759953,2
0.15296735388015914,-0.125227556750005,0.1858061711423037,9
-0.0009913462674939883,-0.041118649691248225,0.1974954067487651,4
0.26497456615346254,0.15382828870663456,-0.09883232269353102,3
0.029739531432550564,-0.014422203446852373,0.18098734059636593,4
-0.0773724275678388,-0.027817092549035617,0.0445278422223932,2
-0.021912464979794644,0.008527275185001527,0.04691505498775597,1
-0.20267496092116843,-0.07977786190792227,0.09820879347539416,2
0.046925492594495764,0.006312818036355671,-0.011323682723065887,7
0.008284403125487156,-0.025251471451402465,-0.102621131663623,9
0.031767922808483666,0.14220219667210832,-0.11996919761888275,8
-0.11737397859532789,-0.17384943220854432,-0.11880657617425827,6
-0.03876566103572128,-0.04220278946947114,0.09761884364836788,7
-0.033579684798184004,-0.16522815157536241,-0.149063704521758,7
0.041632896196404236,-0.1547157165948644,-0.13956684686107587,5
0.09188904018236262,0.1012863103503847,0.021860246245708582,6
-0.05575287809926565,0.282412039368052,0.08749166897264374,4
0.014215018492188716,-0.043229927694114004,0.015302330471913731,6
-0.06812149640431016,-0.06590701874230989,-0.11181017821917674,2
0.024034220716771703,-0.05557906210861793,-0.06492865759799281,2
0.021502917827448186,-0.16039108321354675,-0.003230294349491155,4
0.06067249722231512,-0.1643839757218045,0.05460694492206476,7
0.004326902896564204,-0.061561515362351896,0.0022829901816167784,0
0.1159812602727878,-0.04371119873860226,-0.151574682603946,3
0.1274484106366591,-0.09659484998718483,0.13645007312660568,5
-0.017336864769240512,-0.017254937789936912,0.13705274770066342,1
0.008842941494578016,0.0264741360517375,0.0012121970306571408,3
-0.021950025000319486,0.24212447651859464,-0.07790378783676827,3
0.25590220585637896,0.12467100079442804,0.020010058496037854,2
-0.028630221255318236,0.03225828446307126,-0.01990001328089466,6
0.07867491685125136,0.025718122319467795,0.02722891609054126,8
0.03125115304958603,-0.12964867056544124,0.04039644555460471,1
-0.07071806475157626,0.04389344692126387,0.09641436787777527,5
-0.017655513227282357,-0.04436560509411045,0.23668486266314465,2
-0.15478440263098214,-0.025743592988418162,-0.049050947547654114,8
-0.20005186340234268,0.018521204957811035,-0.057981978154718755,1
0.2041391819836135,0.12958201359027785,-0.17152187642039451,9
0.043715909677541465,0.13225531415317254,-0.12069217719358896,8
0.16704304346906979,0.08459693060821122,0.0832164885785982,5
0.1956130899690154,0.06515310655671852,-0.028710543948812717,0
-0.01734359996995706,-0.07180280292461809,0.001976764549929419,5
-0.010861608306376594,-0.08591106770222545,-0.005429829932351478,3
-0.005458725335242938,0.011695762319753387,0.08779032525651673,1
0.049982127031083984,-0.11620679537809614,-0.041725668548889205,9
0.23749672909271574,0.09865527425278034,0.0721302348133249,7
0.07451084861070348,0.16202355442247685,-0.13116139196011867,2
0.1536336030867167,-0.16277364177037568,0.2001552546687571,6
0.21199802284255714,-0.01743599848430899,-0.07484073960043611,0
0.02176587090953684,0.0604289971476505,0.2643834538586775,3
0.09861291166551023,0.12660335929749797,0.05788130216931854,8
0.004977970604894479,-0.26748796982617234,0.06744656183862643,8
-0.1299644482851103,-0.08909211636219773,0.16430776078506146,5
0.11549940283238723,-0.005728221409914969,0.18836874817306537,5
-0.020505735113314872,0.020142631260519392,-0.09830648743644821,0
0.015953006714455435,0.006972810813689567,0.16015718269867737,0
0.08110053818850249,-0.0811531179850126,-0.04049960950206877,6
0.012545144414366903,0.16926500913490303,0.09066270669087106,1
-0.005976947198715467,-0.034293232003792105,0.05159867254359923,3
0.018595533566403064,-0.006926467521119008,0.019755714575096096,1
-0.03311451690440072,0.03192638890960269,-0.0843339573617517,3
0.1966055607153847,0.12058839583997778,-0.08266169787521349,9
-0.12628754104716441,-0.03755772183657116,0.1497639368473261,6
0.03887076925054038,0.07284028340283207,0.11355143293872466,9
0.129289038073956,-0.05537654579119749,-0.02987627576513656,3
0.07367549340910354,-0.06924957313959826,0.09980092793852469,1
-0.00010922535067993367,-0.06726656299798262,-0.1458260028299199,2
0.07157527029733567,0.02737485272995101,-0.15261309177361745,7
-0.08968258955732,0.08925437594409427,-0.016911869219659228,5
0.07090207910488545,-0.12572392934539242,-0.009966087848902074,1
0.025705224842150872,0.02693144105569789,0.06046080971162561,5
-0.07825514582632445,0.04082019053650635,0.07738355891302412,9
-0.07072258626492033,-0.1642841558886547,0.07620213726220236,2
-0.16553849774076645,-0.12052313266801468,-0.03643120860581638,3
-7.401392928083617e-05,0.09446935051599552,0.055101520036381836,3
0.0011370626369649928,-0.13784607408126776,-0.25523999874729325,6
-0.0654779221519336,0.057340526500803846,0.026448095621063372,3
0.15816682084400815,0.1276097979890147,-0.04368552504394353,3
-0.043584781482354645,-0.23659282824124156,0.08518651174807697,4
-0.013126512427611243,-0.01704636623731572,0.0688882060958234,4
-0.0011638186886531723,0.015505328761371721,-0.07423264252421888,2
-0.024116862242749556,0.1294496750195316,-0.009684168623444058,5
-0.08211500053570321,-0.196176086516659,0.09322737632659228,3
0.06062782309751577,0.01467694812902912,0.0058144595863633955,4
0.15606657188315276,-0.049197921624388366,-0.0349333929931084,0
0.18125680218974913,0.1217770650726565,0.03782648915387524,6
0.057951376098960394,0.054821400461391105,0.11801257748021964,8
0.002038946213030621,-0.046692659868868724,0.004797109470857361,2
-0.03955570892341987,-0.20230173022176584,0.11396361393865631,2
-0.09221313582263269,-0.0011565385268566813,0.018614864355793865,7
0.08438751406745765,-0.09123635538572045,-0.11139870872848545,3
-0.18074302871200099,-0.09002052534386704,-0.08894432515008377,2
0.14475829789444056,0.11925952966069478,-0.17044245277190695,6
-0.15244103056964384,0.09199807465924735,-0.04582384105577955,8
0.05674575826417109,0.04227914292423066,0.013146123013376993,0
0.09784537972869867,0.07136864455924127,0.08209819143669377,4
0.019881955626821234,-0.13128272527247345,0.07656175830515344,4
0.06354924627601914,0.05147783840973624,0.012933696317075414,8
-0.26103744690353664,-0.007053801433144428,-0.05423567703145991,2
0.03719100496072217,-0.03536370921045243,-0.010325029148586642,8
-0.06899824354421691,-0.06625087091243302,-0.0739780987579949,8
0.13709208469383066,-0.33685025995144563,0.030284041150773506,2
0.12600395295373698,-0.08393720951345345,0.0650301884603456,0
-0.09102274667035475,0.01653615743447047,-0.12899435682676172,1
0.15907415128932811,-0.05486049555168948,0.05719116621329004,6
-0.04751833329544739,0.03154589281634014,0.004234703823364094,4
-0.0842130721585543,0.08477424208459386,-0.057213164708532785,1
0.08830038656031432,0.05120032613561957,0.07463448757682696,7
0.08816167579557804,-0.06548692161533971,0.10532732156823005,3
-0.08321885066376421,0.10158419717224094,0.07352745481369495,3
-0.1022752723992301,-0.01096200337047219,0.09843899406211193,4
0.0927547347385958,-0.044206953423718665,-0.01440825465444274,8
-0.03814822290526225,-0.05959687758915488,-0.04705097201922379,9
0.1201713381675592,0.06333379180238563,0.039792460179035705,7
0.03304939522893587,-0.024343565545484405,0.08721143221731452,3
0.05627833752971542,-0.08132191310658671,0.1065294518692038,5
-0.011503705783459408,0.04893619370570335,0.02425988538473568,3
0.1638792879109413,0.021523387985990575,-0.19443939176251276,6
0.07262757777863817,-0.021721436987401654,0.08858771314360858,3
-0.05056251194798847,0.008277676471318975,0.07092534350218486,8
0.08862326071612851,-0.07260499250041545,0.0009534766853212699,1
-0.017709227842000602,-0.1813132219147221,0.052293870460716485,5
-0.09392787744378396,-0.1538811525274093,-0.22843976513161054,1
-0.09315663307423777,0.1610584817297904,-0.08522836545555709,3
0.05310016919314812,0.020825617193652616,-0.168756587571807,9
0.024213902502370512,0.013079864825956397,-0.06459039424693538,3
0.10129824187024644,-0.07874082838702684,0.011002845488207694,7
-0.04851458989635616,0.039035026743477794,0.0884421253852857,8
-0.028991016955111377,0.03356102978994519,0.06374034245201003,1
0.1275491733191215,0.09011797920689432,-0.2845388279847565,9
0.05913083842183253,-0.06853485121971048,-0.027238332706108277,2
0.0367330770077083,0.14230439257557484,0.058940499077471925,2
-0.13230260501276356,0.1257594447429548,-0.05717242177149984,8
0.055689210711908216,0.1589167985454617,-0.016602066594774385,2
0.0820992967266786,-0.009521263025061809,0.12042193233866083,5
0.10913376085918654,0.07287558431292145,0.024595348642698703,0
-0.23173025249621443,-0.15904990625257592,-0.07446440228233027,1
0.19937047601242364,-0.10844529815326305,-0.00468860643143944,9
-0.061321454419678956,-0.044745243409266444,-0.022237249566407574,9
0.017430523839542616,-0.0876210982214997,0.09978686910960569,4
-0.07713084776182294,0.08638413115068977,-0.038902941626201844,1
-0.052571203798888404,0.0072664139792562995,0.20089227394922204,2
-0.027619996454196674,0.14630832215218667,-0.020949618221360378,5
-0.03322413092586778,-0.04700401055432717,0.10474103768661164,9
0.05023917925034269,0.12394641728609353,0.170471500096864,4
0.026078636032991948,0.011139142402716169,0.10684413634096697,5
-0.1120507015136843,0.02769818484047991,0.053472103850118316,9
0.08983382284698971,-0.1729572710043168,0.05997012632870802,3
-0.05574977683908655,-0.19051818590099728,0.10284077007843158,8
-0.1579955436363563,0.0968692420679016,0.02590318923809261,8
-0.11720017240110657,0.056755408801092505,-0.16559640131952866,4
0.04886770287625302,-0.1006227710556123,-0.06840230220653543,3
0.0013557144937911408,0.029638125520128362,-0.08954136617700166,4
0.15411018942525787,0.010870842801573815,-0.03815944472913205,2
0.08780827833733357,0.08079535603018578,-0.08617393025582624,3
-0.0002751755446784487,-0.0010242686697194713,0.059682568046194796,1
0.07614140167057865,0.1267672965613696,-0.07725147877229468,1
0.22180017573570743,-0.07818918642064372,-0.014122320681962716,6
-0.006219225931314461,-0.034359242183714854,-0.13111100587435562,0
-0.07238626236930433,0.062117311571602586,0.007240984702304618,9
0.10821977777812382,0.005313579935619461,-0.1455526095669153,2
-0.016714230959513913,-0.10534403708611417,0.19899641575409466,0
-0.017932015374822,0.003032840476825272,-0.005087987302309937,2
0.12548268694739048,-0.01845425733670876,-0.03266094302848245,7
0.02860055192973096,-0.17350633117014755,-0.13385972653370773,8
-0.01979483884055551,0.00739156969436495,-0.04688473286362103,6
0.25654951860808894,-0.10360982488595626,-0.044509271039781084,4
-0.014363211746745489,0.1445231441525842,0.18198109410301572,4
-0.19503788842128364,0.02119702143248675,0.007480918579658652,6
0.05492441711011159,0.16668572046942748,0.04732324369637901,7
0.10781600423960491,0.08035430976963566,0.0066507756556362305,2
-0.05476607306979663,0.024584264418287607,-0.02037981094130017,5
0.004724912761865383,0.049690114581743966,-0.023895462849685432,5
-0.004047065852986035,0.11711205327520485,-0.10855163913758792,5
0.09142170802705,-0.07262940533981,0.03309934383360766,3
-0.1309528148718172,0.1613699978540438,-0.05800429643928084,9
-0.06446157980317123,-0.05036861659829422,0.130916819418747,2
0.03425574959868398,0.015091515172329213,-0.0046467435501768364,8
0.06326590537628964,0.10045773046565283,-0.19145542678867744,7
-0.09135303507516629,0.04244311505008669,0.053699930606516136,0
-0.0036187343336606228,0.1862388802202613,0.06076102649758774,0
-0.07683208479002114,0.0563915401547718,0.037316384931072935,8
-0.1828115795455731,-0.019514448866899417,0.0016650473686498036,6
-0.012321989797390031,-0.1336033071471507,-0.09020221044782499,4
-0.11631350746480643,0.01825679816049685,-0.03725952085601082,7
-0.03918949152988599,0.1375964979936967,-0.11765525457502451,9
0.18895729142335116,0.08217741001564742,0.04045433868062385,8
-0.001017721036779966,-0.18964996526986844,-0.09951184908568013,3
-0.15552633141655992,0.00806638304789402,0.007105531955221751,3
0.18616268519554505,0.018071855927336487,0.0010119640643909405,1
-0.09209400038525867,0.09366740794060176,-0.01883358836101098,6
0.021091248858964514,-0.13848220124426405,0.0020458192597890075,7
0.07009296972588062,0.03332007468573452,-0.032060547123012303,1
-0.11168194105766319,-0.1052784180489954,-0.16208432826572017,5
-0.1449465154939688,0.0016954961736588927,0.22689783335864347,6
-0.10359735797661776,-0.009863372555667174,-0.048852274498845105,7
-0.07095383791274895,0.021857760547025446,0.047726858276639444,8
-0.0877579092936473,0.012657970071824627,0.049980115048606506,7
-0.2652283921418032,0.1813440931319384,-0.06098697659448399,8
0.006184244417764925,-0.1207740163167907,-0.001653022996614381,9
0.15200563446798343,-0.016350585644230763,0.05248484995454711,4
-0.08758778639845455,0.21806095831707017,0.07239271625697945,0
-0.007564986337192381,0.01855981666970216,0.01978379588292794,5
-0.037927209254186516,-0.06787806116650903,-0.07437852780067973,1
0.02998276960610042,-0.005038691807995336,-0.028428895114522287,6
0.06141920748866452,0.06485716991825281,0.11085418659888445,6
0.02660673232784407,-0.027588834791639916,-0.09711964538773557,7
-0.042909036780597654,-0.030064935984310162,0.030412363591311217,9
-0.06483214077937192,-0.025928325002153814,-0.2141015994076786,1
0.13078339269878025,-0.04929079859959974,-0.012318121793691503,6
0.07299290501768947,-0.15297636126370473,0.05233789662009269,6
0.06617543242660132,-0.0033643460304660505,0.03713109741691052,6
-0.21133805579446707,0.04870175095328724,-0.05001844484167293,1
-0.06577790785108065,0.076145659068023,-0.1930661920168041,5
0.02686973262117978,0.1769454057925351,-0.0009897780804223207,1
0.011398368591402872,-0.20388327823716956,0.06431091210450463,3
-0.015007128860446,-0.11883885543465322,0.06648128082936941,5
0.06113651616714483,-0.09253605471880033,0.04284831032056393,5
-0.00022481541480225752,0.09081802722791185,0.01664761637693551,1
-0.09014021076606,-0.11527154524586519,0.2512955896074935,0
-0.10946710933770182,0.04341505415295362,-0.053362744813809586,6
0.01350196549792837,0.06599266053486577,-0.0736708467711694,7
-0.0656453614697403,0.036564089189181824,0.05065656797934829,6
0.10810763348638137,0.03609974957456172,0.021810060779422862,7
0.02306795990029793,0.03437602277422044,-0.03275145953747738,8
0.06967321495513507,-0.0569415278760524,0.12156962461382151,0
0.06597530153607016,-0.038539271650711714,-0.11664065742755088,7
0.05550018759337876,-0.040671446989354654,0.023027071829893043,7
-0.05866757694206404,-0.24702905938433473,-0.019003257345741105,0
0.02218239951710678,0.19303656381025378,0.004982437348243199,3
-0.05635496117882306,0.008539096507248224,0.04973729891137901,0
0.16637076898500236,0.12780183066183728,0.03466818003475546,5
0.029109747453475193,-0.01632411135265755,-0.00020140978914521182,3
-0.00585284209283633,-0.02468727981711161,-0.05399509738478844,4
-0.1511825714987241,-0.17602479442992727,-0.09361405161518588,1
0.1553271908821777,-0.170624663290913,0.1274637694524868,9
-0.054923095439375305,0.18089788726654843,-0.20541995713732963,7
-0.05222211220248895,0.005865903581118408,-0.04110271840372181,7
0.06008820168461992,-0.003643753465245161,0.20840839882669077,6
0.04214028226892525,-0.03542912019466927,-0.11105095953929499,9
-0.03402589143391337,-0.11372724363321099,0.08198834274222565,0
0.1044614253337804,0.019831837354679166,-0.09934458983409067,0
0.12769468205737133,-0.13597440762723298,0.0579791386315634,0
-0.06622650733426864,-0.029350561463088905,0.09797828362745442,6
0.029577436792085528,0.11821195777875258,-0.23712416345959175,3
-0.10929546576250443,0.0869017641607732,-0.05641066998996735,9
-0.011674955959071899,0.13589522677976026,-0.1270806546626813,4
0.001125605386136625,-0.18218725570328614,0.0481713615716827,4
-0.013880707799260409,0.089641427493744,-0.24163541311208073,0
-0.08114124331663655,-0.11927685912730668,-0.1314121458181486,0
-0.05888396993750488,-0.02685846209078054,-0.00016846177388134612,5
0.0025617569574734778,0.10994240786542869,0.20938505749575725,9
0.04017553855890798,0.18084024351893857,0.05733020672005726,9
-0.161476708412229,-0.08289487406455903,-0.030763773711682946,0
-0.08245497524991366,-0.10576469905965469,0.008510465775188297,1
-0.04791183554918406,-0.1758968255290616,-0.19741707861662247,8
-0.020367715890049508,0.10286067054282261,0.136522930037529,4
0.004060032571277009,0.057193454292720325,0.09175769964310791,0
0.06621679757963966,-0.012107195024035835,0.14063938913544147,7
-0.012140936039744326,0.005718423475115099,0.057734472449949184,0
0.22853032927815195,0.06204820027182854,-0.020198872209466742,4
-0.2964594564465792,-0.024455432973499534,-0.1317020145398605,6
0.2891330041666606,0.09455569471754977,0.06658646582784922,5
-0.00651934114360699,0.18453132304962844,-0.05330663859007809,6
0.08436698960380956,0.052398029480825906,0.017705018817418185,3
0.13111319495768312,-0.07966362277964988,-0.07155072654242438,5
0.09926636412041434,0.007563900314087647,0.03198207212982075,8
0.10066517797314739,-0.0650161598881461,-0.00834354711643887,4
-0.053391430426867115,-0.017407246241685652,-0.08320856574411616,6
0.07819347561069104,0.04804240845454774,0.08674755814864663,7
-0.08397421794007492,0.17089101832913223,0.09391051158013078,0
0.005799824728983062,0.11202251586197645,-0.0018059090199123507,0
-0.019370350865269826,-0.16504045011140805,-0.11506305627104679,6
-0.17726627881622556,-0.10110719770863963,-0.04676366460289345,4
-0.07405790434457213,0.08875372684090505,0.03187267529664767,6
0.14120828608428934,-0.05557749684171687,0.1715978935837783,7
-0.04767684091066409,-0.0651705116295321,-0.01885737615726855,7
0.06085929901092533,0.0498235064290968,-0.11781404600079746,4
-0.12452790691177261,0.09261549679916758,-0.07675221165228227,1
0.1521921936266164,0.05047479856650085,-0.041371757260275394,6
0.14227750922312443,-0.0016582001938080467,-0.15207137680870653,6
0.017623123487682902,-0.041122079413733824,0.1472708984219669,1
-0.17763692138979478,0.07619551376072463,-0.04996196202377425,6
0.13216519465057727,-0.16632417917840964,-0.023582754041990967,1
0.13435050684301034,-0.10994915864745228,-0.13487083865908242,9
0.057498880292694676,0.021102325352041876,-0.10112230294258125,8
0.145279040540057,-0.09281167693200307,-0.018585758261333137,5
0.0728364152062893,0.0055410920413308945,-0.09594923961922419,3
0.020598589378578225,-0.1649199110681766,0.09311475206230244,1
0.14524365683848459,-0.004334062667192456,0.012543829720300157,1
0.054192239002383895,-0.056564435739260725,-0.18077608365963083,8
-0.033323260518051845,0.018580265000807835,0.15582035437725833,6
-0.005786497303903969,-0.08548392672636312,0.0011995226853598706,9
0.008896480480211176,-0.14975631130851466,0.0034617177346569356,8
-0.07368323189274886,0.025166695427543913,0.09768999731629534,8
-0.13312059916153765,-0.08092390681279572,-0.11193342335599886,4
-0.10873684047706925,-0.041351770476235866,0.26528656968104575,1
-0.13764834756277833,-0.06472904233886455,0.01838201337490207,2
-0.04887344603147162,-0.26455908004602713,-0.06706363322372473,6
-0.1877100773386708,-0.0129231091511302,0.09081550354199004,4
-0.08180015570624263,0.014064445654900904,0.10701340515567888,3
-0.10092847686530329,-0.026778450042184244,-0.041281174825774584,1
-0.08963019918077067,-0.029404977201613603,0.11511469839728286,7
0.019320428480264926,-0.08535202867758669,-0.021707462248477322,8
-0.0671474478564094,0.004101841458131651,-0.05243341818020136,8
0.07925196074495455,-0.07657060461893224,-0.12714656397578547,5
-0.22901474581769157,0.005706302513264977,-0.06653523111656466,1
-0.049331166565915574,0.08895165263981727,-0.049228445425380116,0
-0.07538942780997455,0.022868918114116586,0.008629059487718754,1
-0.020449523762356325,-0.15110216501554471,0.01566927080096362,7
0.03585894337178736,-0.004580391821179525,0.09518671979957763,3
-0.0355177865036851,-0.09274753704172133,0.034750384249203584,1
-0.11210817723413798,-0.017233685341173584,-0.0039098576559544835,1
-0.06840660415692879,-0.03343491960462995,0.03301451615514107,4
-0.040672499003813645,-0.0035116317824131745,0.001221995156282808,3
-0.0827810014027248,0.07787505972199661,-0.024789737951516694,0
-0.003962796001095155,-0.08882776017540368,-0.02034748312997087,2
-0.0878692326005782,0.06697176204907597,-0.016980967575902263,7
-0.21390560434855238,0.08953108954893328,0.09913877242446592,1
-0.07180455517237239,0.014321143242894786,-0.07749925099889966,2
-0.00021288953773379463,0.10862225045253027,-0.06130998463357556,7
-0.1763144227427289,0.11785763562484519,0.11784334112175213,9
0.08902429494817915,0.12866799218620245,0.07252860076294923,2
0.049602125322086785,0.10617090937423582,0.0025176023944910664,5
0.10335429266023913,0.007202941662167757,-0.05775767148137202,4
-0.1419418017943247,0.016911996275488176,0.04222270639683631,4
-0.09967358488793425,0.0321503580548961,0.03945907013925657,3
-0.011915948666003151,-0.001532164107461451,-0.16189406997644828,6
-0.12345122643597523,-0.01156953755498788,-0.045462116305916914,4
-0.16320292395199515,-0.027247669922628573,-0.005358263785815675,0
0.06297254889029906,0.2587125177132057,-0.04369834484768617,9
-0.07537978882108151,-0.049127461773470486,-0.022580828847949833,5
-0.041746758156995016,0.016141625510751535,-0.11414359338831635,0
-0.0693708047077066,-0.006850486284762868,-0.06323264130935068,0
0.006014455192070351,-0.004041052937425148,0.07192520391497532,6
-0.047662536484013425,0.2564108375048726,-0.0041688584316736076,7
-0.0949643129604571,0.2291223473671784,0.024976170905095768,7
0.07942689174170119,0.08138095092842404,0.1563346051514175,2
-0.005798530810556267,0.0866533976998085,0.17819056625404797,2
0.09591810661646605,-0.19275763877728574,-0.04094952831919203,7
-0.15828031605702297,0.10120817451783791,-0.12462699697471645,3
-0.018348776838960027,-0.22931876512997912,0.10893438512102105,0
-0.002475676642793893,0.0733222118227309,0.09056234709911679,5
-0.012261815169665537,0.009174679466439737,-0.0040064643832890875,8
-0.0837433355262826,-0.015686518555654807,-0.05238640640652207,3
-0.0787080168799163,0.041933548107459036,-0.11548750844382749,7
-0.11290044931352944,-0.0015784298896011047,0.0007613988905661383,7
0.053256925541354354,0.14039054518227304,-0.08157786677404444,1
0.015949396406786383,-0.004029794780325107,0.248047492723246,5
0.021684653566217307,-0.001252387153149213,0.0290100026449372,9
0.08382495109080285,0.1819672725175039,0.12509257571092838,1
-0.02597093816476222,0.02220572450118448,0.14984888942508165,1
0.10422849049614391,-0.1474696140803029,0.012524382084465463,7
0.023691309557058688,0.14465367493718612,-0.09110950233823623,8
-0.11232689372224325,-0.12475331031672299,0.05864691743380027,8
-0.01957850655584621,-0.1997683598334537,0.13894210853408898,0
0.12844283407494292,-0.028854172479422943,0.11858828158226294,3
-0.1883172234744378,0.10242479830695171,-0.1938113931038764,4
-0.07079211242739435,-0.17364566967523606,-0.13878696480669916,5
-0.12394815090778047,-0.004243004333944958,-0.12895477699558883,8
0.05219344341743736,0.013651176727840615,0.08160395930817801,7
0.11677209332388568,0.0823508242474175,0.10421239773020574,2
-0.04908367523550436,0.14416290074399926,0.13097548549722235,7
0.17633924472145943,0.0355536498717133,0.04162284598957159,9
0.09513395773516636,0.09892445852344534,-0.121276105875639,5
0.10693792677271992,0.10833581054119264,-0.024958581641764253,7
0.1428417015038503,-0.11784373932518531,-0.059224051930755056,5
-0.20905453687809233,-0.035892905774945784,0.13681833413013503,8
0.17651938011766413,0.029429339733176286,-0.023585686791337435,2
0.13289310831830958,0.0883371075026347,0.06565078514478763,5
0.1037271272225479,0.1397013383942934,-0.06990861835524961,5
0.10599899411953391,-0.005559563611580003,-0.04876576363544424,7
-0.04997851450398926,-0.0182793482029562,-0.17684710411344204,1
-0.01195338589210285,0.17955342875902447,-0.11424008957627432,9
-0.09788108775211625,0.1058492235600047,0.07984076858699538,5
-0.035973179786187484,0.13802089487083077,-0.03887602793693379,8
0.07173171991205123,0.14521496877258552,-0.02382817361422903,1
0.021730910394462687,-0.06179558828412538,0.0983855103520713,3
-0.014458513104322014,-0.013037154146842223,-0.16375725910336136,9
0.0899747326503198,0.032730003826190575,0.019041539090361978,2
0.17026949274985836,-0.17064572087852747,0.0947685196038151,0
-0.13125680977501933,0.20548355824512538,0.04767978223079112,4
-0.10312448522902469,0.19616009696716097,0.17751133309326217,3
-0.03977483462970122,0.05556146283766105,-0.08397663295603854,4
-0.0014816348335327974,-0.039964279861523136,0.028050996535558433,8
0.10845143849813997,0.00983140910777177,-0.09479766515336494,1
0.23099215760787695,0.10478825294671723,0.17261191171898307,9
-0.0875555571389388,0.0604975404742533,0.13329946371251553,8
-0.09513531623301226,0.014029203602595394,0.09982451851040618,0
0.08610046841801391,-0.1290790923713219,-0.06328226350208908,9
0.08467584953627831,0.11007950778233873,0.049978366630719584,6
0.219418420894937,-0.12298733763403587,0.1304731064714925,3
0.07754941548888261,0.07977155130802009,0.14088159558996174,6
-0.011495744016367033,-0.2165100766254876,-0.04141440532038848,8
0.11663979145075312,-0.15082795478568856,0.14970678975724253,0
-0.1477190909312541,-0.23061387949961124,-0.05419374609593534,7
0.09434589784591262,0.012052904001619857,-0.0018610705933780364,1
-0.06060658702749694,-0.003345453003872629,0.17532777688388046,3
0.03803796889354832,0.021376569093105736,0.024179209380912486,4
-0.024066478808052474,0.0009781196331515988,-0.021969996121818033,2
0.10224445967562788,0.03674994652115209,0.08054814363556029,9
0.055131203584554624,0.08644685160979422,-0.1476796355100594,4
-0.051115766339573314,-0.06502125925179822,0.10749200082107704,8
0.06328716473919321,-0.04056143689111022,-0.03968408210112029,0
0.163511587208534,0.01666069206275184,-0.03050990791747489,8
0.08484530884190139,-0.2103322266196305,-0.08027114405027308,4
-0.040276221706682235,-0.06598750180164958,0.007779554058642241,4
-0.12237320535683827,0.07819928283160332,0.019976589645404035,0
-0.04393728735135727,-0.10186850830477637,0.21433498871173995,9
-0.012744502329290336,0.08812658539750921,-0.04293210157649326,8
0.012017742385396947,-0.022830404531955988,-0.003017226370290663,8
-0.04632234738749234,-0.08477937985176853,-0.15820403049423293,5
0.2346290289552541,0.04072979223762059,-0.05538203417357055,2
-0.07498322303141024,-0.03291352538872538,0.17297243473478308,5
-0.0905679980528193,-0.2572803865211311,-0.1198512562492397,2
0.11532041352990925,0.1170639592896869,-0.11051924223146217,7
0.05881050961719726,0.12816711430686392,-0.008843777894131986,7
0.012412051028922002,0.13870765949767663,-0.043485914836944126,2
0.04555266943866147,-0.1242725846507059,-0.10505198627719783,4
-0.13871447358748898,-0.1594227317574159,-0.0979070057499345,2
0.07785521373497505,-0.051804350315928255,-0.20032667840410562,2
0.10660691965563396,0.13425364979520585,-0.025957811800357358,4
-0.115019683404183,0.08687848035145185,-0.16585362706024437,0
-0.024687058130570788,-0.05763105478410775,-0.10597642452640921,5
-0.038026041058535826,0.025628602835818016,-0.04849741303633598,8
0.10914036802549194,0.06605221782668196,0.0684394883460587,8
-0.06610813744165892,0.1452435707955457,0.16146448900150312,4
0.10121210202450237,0.19630353174113452,0.14849486009716062,6
-0.026747344072239155,0.009730908063298807,0.16201699333428837,5
0.10407450606300124,-0.042173310813208215,-0.040534264346752405,6
0.004211383154111253,0.2005434774700044,0.2299021262683265,1
-0.052283802384784764,0.019609573688956737,-0.1481545591164805,9
-0.05947305886934286,-0.10081408061004277,-0.13157430412816215,1
-0.007527022141932949,-0.007174949658459346,-0.2230234024534068,6
-0.09171167283878126,-0.00801667336420638,0.05046618465118588,6
0.09626446131747501,0.042145831088893096,-0.04695901580460243,5
-0.05746204706177191,-0.03192172383119113,0.17778673595922231,4
-0.04576247993238791,-0.1098947701965249,0.06198000552456602,8
0.005425571205888505,0.09276906337471555,-0.03454259971130707,9
-0.131095309740326,0.037399268420069014,0.034579340480320846,5
0.08459867986551636,0.09066189667317155,-0.010816232333956167,8
-0.11661877299524775,0.13939710983000916,-0.061902626067138304,8
-0.08256054922541428,0.15823333809700665,0.006539721063998552,9
0.2502125386302518,-0.10788331860535726,0.057000384018345056,1
-0.06469738924180374,0.019309742617665535,0.07174077415306117,3
0.006552760922887012,-0.04208883683950599,-0.09598226313905033,3
-0.02634103156125181,-0.13180551268766197,0.08400065322507466,9
0.18571848295452228,0.07551698755095436,-0.1387216616469143,3
0.05985768947038858,0.16486180876347326,-0.11226929689135129,5
0.00697092118492797,0.042410068967557585,-0.0838458226068942,5
-0.14961290302421967,-0.12788066243531857,-0.10940776401755603,4
0.022206075206850775,-0.0859995434355137,0.008856690804180797,5
0.11577498178043583,-0.09017597260425864,-0.06714213413086498,2
0.09568565668267356,-0.15046355191368624,0.12291003134998046,7
-0.039756854920838025,0.07949328329558045,-0.03562917423937273,2
0.11012216900036083,0.07400328335767524,-0.13490946443350568,9
-0.004155530586907843,0.10625909499843711,0.09399019672588661,2
0.0616742163317809,0.19473680452810643,0.0319164425083624,2
-0.05054558870146924,-0.05063099647429192,-0.21932192695717612,2
0.10554017612880016,-0.11601135103057823,-0.05970480794793812,1
-0.1954308593712784,0.07195859257376262,-0.08672775843946845,8
-0.177474565738594,0.13287869582970727,-0.10653508310852969,4
0.16547884655165968,0.13549087996286766,-0.008444760098451265,8
-0.06503077857554528,-0.051205583202349775,0.08782835045129404,3
0.0835905481330953,-0.08655807625261441,0.08690274918696397,8
-0.0872524348869564,-0.06175377985539472,-0.00883018386253524,0
-0.12827959925451915,-0.12497442772162488,-0.005068251329167712,5
0.1837275541509814,-0.01586993428975982,0.013785043896463062,8
-0.06450011312839056,-0.014257598009046961,-0.0190802980110337,2
0.014948890671943844,0.004266137723076524,-0.13775739311005433,6
-0.14451976294998287,0.037902748607026214,0.03655655852053124,9
0.03101130403770165,-0.13530513549222223,-0.03241762615782753,5
0.04890092819751721,0.039680814321026964,0.12457164440721283,2
0.06208521710424508,0.17036301356077166,-0.0978995315130458,9
0.10178117809438694,0.07532338570270991,0.011987236868507174,6
0.18437518617181617,-0.013594587284218916,0.12532607432222623,0
0.17258407330911962,-0.02031537291233608,0.30180881378490537,7
-0.10056478878383193,-0.09545675867152426,-0.05278982638550082,0
-0.06311736980843145,-0.0536866440565206,0.07303370959940914,5
-0.11885477120892561,-0.09616647487836637,0.11231425459777261,2
-0.056928782691711026,-0.23043718933382157,0.04994041595914189,3
-0.003372277396823768,-0.039394221330463955,0.030216513211815618,3
-0.07685401661301167,0.02759184301322572,-0.17380163037187668,2
0.0026790674492108155,0.09763252348414225,0.07390755877155351,6
0.12064636561285216,0.01701089886956898,-0.08658630799039045,0
-0.07983184884970781,0.01406162191009702,-0.13143236282551973,8
-0.006662487051859053,0.09807337710287785,0.06633677749353446,1
0.09281461426454289,-0.12297277588755406,0.08961134814794114,7
-0.013648766103713765,0.0007388811094486068,0.013203209239875205,7
-0.07633208862521053,-0.041088714229331025,0.022687932438911724,5
0.061497563800447345,-0.04624548288346017,-0.15000519244329324,1
-0.19602096746262893,0.003063893855633643,-0.13997266473251335,5
0.043557968564279625,0.02292516593475274,-0.2227733470941059,3
-0.10941924780771627,-0.15204165993991878,0.02945701285373563,1
-0.04207222026659685,0.011348748961334571,0.0704055236587075,0
-0.0786621463249091,-0.11202859957237626,0.06375449712091937,6
-0.05439455194197904,-0.07094446810432495,0.0686403074640257,7
0.0935949619740733,-0.12450675061262045,-0.10323611696733137,8
-0.01130242986124912,-0.011962749411802085,0.10047285531208539,0
-0.21915300965642726,0.04746562371280445,0.022110063771074384,2
-0.001913456966394905,0.014561961992806736,-0.013514944953010422,5
-0.10296891691357242,-0.13405369436793152,0.08957303495691914,9
-0.19319560895900367,-0.09733351855717463,0.11437080392404664,8
0.0838637119229761,-0.09402238494804066,-0.09634567128006159,8
0.09268935524548488,-0.04410495461420099,0.1721979563342519,0
-0.06651947647002202,-0.08181119823486169,0.17183828493053124,9
0.06353910087081009,-0.031117581891172332,0.004511051855943841,4
-0.027053013574937536,0.05305789867763908,0.15347947281863672,0
0.04978645029860132,0.007443779350107258,0.05838772773041839,8
-0.0282700744316553,-0.017133716677582633,-0.04868744497585459,3
-0.08084540987998819,-0.11685116009829973,0.0722685804680268,3
-0.10179882357555646,-0.003367214894821659,-0.04018264824767991,5
-0.04648937015057369,0.03844962486117548,0.17716557843386754,4
0.15293746161388108,0.028570577215774773,-0.06576191266750007,2
-0.24601536138814342,0.005631154106697259,0.09243386327026346,3
0.06167314424746093,-0.0743404489803879,0.00938330932026436,2
0.1096506832350691,-0.20265839974828526,-0.034626040101012535,6
-0.07516699360649123,0.058853075892152246,0.001427780020817606,3
0.07115821273598653,0.035504220559571885,-0.03565323614934955,0
0.1010515377335167,-0.021232703762467012,-0.2599069185711619,6
0.11867975217299054,-0.06945984925547048,0.1410871005018447,5
0.1530007727147581,-0.038937803981587596,-0.05827573580806192,8
0.01785074707037362,0.06181275186256999,0.058649268572971675,6
-0.028431399495344453,-0.10294808070086653,0.15836250823898895,8
0.2268741944570854,0.06188668169592232,0.06531935844197248,2
-0.12499804874130967,-0.09046230186205798,-0.04946134858439665,3
-0.20121979684968672,0.00226835729578252,0.13401530229177616,3
-0.06224218354721295,-0.055184052395926636,-0.08837679024857618,0
-0.016168202996673764,-0.2960533498841981,0.0901925497377486,3
0.03198306556107333,-0.13011179225260464,-0.13921818117142978,7
0.056068135390897535,0.13119926531022383,-0.07947551628407797,0
-0.17814274417310197,0.014814744106807075,0.03479585553973183,5
-0.15366865818208045,0.08947118966009349,-0.12338811891754153,4
0.003909605650063155,0.1506537618319816,-0.1962588977991382,2
0.11350740201732223,-0.06421913636918004,-0.1138363558264945,3
-0.1957653397986063,-0.03551780446075747,0.07070252871068605,4
-0.10931909344784058,-0.04207473603241858,-0.07332342871854035,4
0.01753643214135778,0.0007565969612557036,-0.13078865132327722,2
-0.008042941694795257,-0.07493746944132355,-0.02380083082914168,7
0.15250630840465282,0.1395924960835244,0.021660408495522747,7
-0.15426794759442478,0.12759632973536894,0.1384515157469163,7
0.08314912535635843,-0.122478232907958,0.026332436886167706,4
0.18973618925370805,-0.023797744755789357,-0.04520932471085372,2
-0.15943376878496324,-0.0859552167901253,0.2865266179997688,8
-0.039593665026953745,-0.013812873532050868,0.1417428130606402,8
-0.06141289888230698,-0.08629566608241555,-0.1185483309431574,2
0.09620323650351213,-0.06390845703845179,-0.11030171271064425,2
-0.041685044661554094,0.08908181703570225,0.10109831263166068,7
-0.1346213531541238,0.0014407434832377662,-0.0879955048758723,6
-0.02661409849867549,0.10081270693793708,-0.009954249776582137,6
-0.08422305905295568,-0.028982600666723632,0.044585626366434046,5
0.06645635179594354,-0.019847021962768052,0.012344205223828342,7
-0.12139506914344467,-0.06864710556799797,-0.14532038985124146,7
-0.08480574503763615,0.10340950012359387,0.0724586767467401,2
0.07411744275252262,0.11842022230488368,0.12108636720810616,2
-0.030624631195639043,-0.16953211225703999,-0.06930354078662067,8
-0.026401897430955324,0.10915521352347338,0.1356700900138851,8
-0.28181410237008747,-0.10591820681559663,0.212974881250734,8
0.00043407507361416963,0.06898793255055662,-0.10099909334299631,0
0.06611527097254281,-0.19498766774045165,0.12316978994540123,7
0.01229467198489366,0.06215369910973844,-0.07651929714561757,8
0.025978813901544825,0.0035853629938685655,-0.027081477999043164,1
0.23128295073417632,-0.04931575157234333,0.06413377784464441,0
0.1253954975845191,-0.19655392664043714,0.10241768401610243,0
0.08892091375167892,0.10135042090619716,0.12990586746102242,4
-0.12392426010198841,0.12608636653294622,0.14986593393707046,5
0.033405115062707644,-0.1421005963562235,-0.028343228182853304,0
0.006597178587122367,0.08281912942838981,0.0348538896793957,7
-0.03176565323966393,0.09549508573696219,-0.02026276660769383,5
-0.056371411722020454,0.13035305680433115,0.1402077554008393,4
0.020972798730206247,0.049593002248905386,0.09810007794055445,3
-0.031488791706542826,0.046631947896363365,-0.05688480759281973,2
-0.16792146588324208,0.05943737340637149,0.023791256643610106,3
0.0115866264090217,-0.03429320835802955,-0.005387068753536211,5
-0.1611856987706578,-0.0424170492521114,-0.071501558410236,6
-0.11826771746058984,0.0015243751757126793,-0.289572184817845,6
-0.020276144584344694,-0.08779639633923053,0.0059689735239911584,8
-0.0531928105114333,0.1439900817341315,-0.061191634393111996,6
-0.15924121311191314,-0.08177816570320065,-0.07464181225545292,3
-0.14737349969062194,-0.008930202876979014,0.00847723653056537,1
0.12257882646895005,-0.27805829571322266,0.13404059621571765,1
-0.014260357888077727,0.008671006135434459,0.06855076292778427,5
-0.0950512629109805,0.02555057319984366,0.027360374697373048,8
-0.034614475428400446,-0.09281743375110563,-0.014164573005379044,9
-0.15951936108182008,-0.17918206396171865,0.0834383384838372,5
-0.10044587545908566,-0.15887740076213772,0.059434166208027196,7
0.008159073338180748,0.02059395097797022,-0.12633867316795164,4
0.04243995500586303,-0.05926790859149629,0.1439521364277919,4
0.016199605584363896,-0.10592355549146831,0.013807349625917035,1
-0.06956562952529516,-0.08209176030276143,0.032452918766778936,0
0.13568880033861044,-0.024323365034290327,-0.09292581156237502,2
-0.020662472168955795,0.03072159609400218,0.03810728294926508,1
0.09436298543775679,0.11241754043463695,-0.04917815073425902,8
0.05904612704180136,-0.04500308349667037,-0.09732025930045252,3
-0.053189194715332566,0.01549105363608462,0.08638132503207407,0
0.05672934537843585,-0.003326534252404292,-0.03069036880481605,6
0.04228802816106264,-0.022556304333463905,-0.16146003531295408,9
0.03311142475870372,-0.03002755234515177,-0.10870105006804308,4
-0.043720404145546364,0.024133825329566656,-0.08458719651998442,6
0.13120441736707705,-0.08830110950295736,0.09534437760199367,4
-0.061643839357437794,-0.12064600382880178,-0.07207949927910338,6
-0.017476353594117797,-0.2566914107391471,-0.059292163342321985,2
-0.08571978658138017,0.08147515411641139,0.0274985591703203,0
-0.019524793743256687,0.20839372544102513,-0.001683480920984048,0
0.07435463325077962,-0.17770622563655858,-0.026181873261319977,6
-0.05406998012685417,-0.06655993262664628,0.26741437804478946,7
0.07294840805348234,0.1813817183806613,0.09443511098299451,5
0.013905209229512973,-0.1434965486479531,0.06330380363239181,5
0.014466740205200574,0.18148639353803747,0.025327256132062548,9
-0.06760569982798477,-0.09419455883103944,-0.005151360844941548,8
0.025951220096544592,0.15660465572161725,0.04247653294199197,7
-0.0851024549092566,0.03802402324601234,-0.04763946886634357,2
0.21006552694815106,0.2376319405399584,0.09637155492359202,4
-0.22265763596470356,-0.11221342887003072,-0.04161516558252901,3
0.022912676235928433,0.015292737699892096,-0.10085125823878836,9
-0.05931218125720136,0.10564488907070038,0.04476775264472727,8
-0.055597978396466935,-0.053896118022413654,-0.011645342502068869,2
-0.10294428547243864,0.3174445046439232,-0.045358551379581925,7
-0.003962751003789769,0.1031336346561702,0.02489068551098803,9
0.2445184667467812,-0.023617269519004166,0.044419213768666574,8
0.16940615566493722,0.031841484496602256,-0.008738446916772466,9
-0.04033115781386709,-0.14995125511843238,0.04338544878817815,9
0.014613251552056564,0.044696647101353695,0.11543244405414543,6
-0.025933614029243185,0.1519699802342072,0.032889335641608404,4
-0.12745705811180089,-0.0001293689191959442,-0.08723304727401102,5
0.13325488225095614,0.06641083923140599,-0.12725224982011304,3
-0.02884550392737127,0.03869759858925808,0.041943616127272015,7
0.09131369450643895,0.09480256531523384,0.0378138664858332,0
-0.11447360730398473,-0.10752331078800753,0.13817655282291316,7
0.08677777489735684,0.05505222364336209,-0.06617899328247227,6
-0.1703882065880812,-0.023310538915921185,0.006566027361220111,0
-0.06798521049101904,0.01814308718111426,0.14022892408673168,5
-0.11727910984865642,0.008072034441845137,0.06496487604179259,4
-0.14884727754931867,0.05545421910145987,0.1599617605523491,1
-0.10303793971847026,0.011557762463965546,-0.01275884797028453,9
-0.09607550845948087,0.17492023415361047,0.2005445939825497,0
0.058847947720147044,0.041681619513071914,-0.08618480804552042,1
0.08164160336626218,0.046933928337525535,-0.07380410060362452,2
0.09028471490623727,-0.036938230007892134,0.19663054535489355,1
-0.023867222900323868,-0.03933752353729171,-0.0714474875418674,2
0.1691911545978836,0.14584142838650488,-0.06404573252816291,4
-0.0023382289605643316,0.0060943019662757555,0.025956333919506705,1
-0.09039037686830897,-0.013700720273885107,0.05041576653658664,7
0.07536891982348409,0.11319898347027782,-0.10774898141478693,3
0.010866560969388,-0.04886516288980643,0.02736430027339117,9
-0.10331221861806444,-0.07394074277107567,0.050794720417578335,0
-0.08641065168885213,0.16577715260509682,0.03979278249497623,5
0.11990889223149176,0.13816120737665552,-0.11127772353712606,9
0.0411265651833658,-0.15833285503927208,-0.014248599916544839,9
-0.08461512947830963,0.1179888107035916,0.169578284141333,2
0.10342843764407866,0.0020211089390168887,0.010885398670979532,5
-0.08249226720922759,-0.17740353555749874,-0.24299241306473807,9
0.06697574786505138,0.0964758755422564,0.20892150573611323,6
0.011073790184731631,-0.0926507877230478,-0.0021741169049151565,1
0.08046635729755293,-0.07936495760932039,-0.095861172007632,6
0.10100209949978987,0.013253436148564912,-0.13498939395884985,5
0.048253022851771916,-0.1959147614230124,-0.011917821063803602,1
0.10609605825993207,-0.011282803806321351,0.008822856690910858,9
0.024548022754859438,-0.05356261222620813,0.041326051479998856,7
0.026237316462965565,-0.02859715398351468,0.10671729999845198,7
0.03842533418416547,0.009321106859377795,0.0486564861424018,4
0.04309595383318693,-0.1905323814158707,7.30277641774994e-05,0
-0.07136528760729438,-0.0033785224404972226,-0.22346596947465303,8
0.06340385218581898,0.12518290472809984,0.16883679762525225,3
0.20405978877941722,0.15363401073220784,-0.17713671972981332,4
0.029342936717344715,-0.03425028934143603,0.16322957822413414,4
-0.08318282145069208,0.012544977029739874,0.03942835231491805,6
0.06742893143725176,0.13663861442067665,-0.1825710835696458,8
0.001392569357491799,-0.10066756057140538,0.1739126789844914,0
-0.20363282302422048,0.05465042067380659,0.03812066164429625,6
0.043762343206201364,-0.09718078616613703,-0.004580850924164186,2
0.0090724817264907,0.13899756458841436,-0.08839257108763843,9
-0.019183420668029205,0.06021313022147519,-0.03698943326805872,4
-0.025030491183376566,-0.15119591256682702,-0.21427618224805878,7
-0.05125887519962409,-0.07356222678669785,-0.0688843134778503,6
-0.004416394428113761,0.01958869983005574,0.0617948598153637,3
-0.2932289187207898,-0.24910562849565518,0.031031129733249032,3
-0.0811183004100202,0.07889101927945057,-0.15515183162460813,0
0.053802878202035775,0.004293419859795874,-0.10439806272729389,5
0.0217671021392649,0.028172664036520013,0.19542573751193593,1
0.14148316106357423,0.02362237714143959,-0.024182695897589205,8
-0.011259927191599644,0.0056234177690297465,-0.05204923067934064,6
0.18492176992868326,0.13721557300191642,-0.018942612528269794,2
0.04716251643854605,0.22221719731984796,0.0374857370301633,5
-0.047649657547741385,0.13744263202906476,-0.0012344355748325334,9
0.05050758324752813,0.07947799199250843,0.12824757236235892,1
-0.07298275908478301,0.0859744765616237,0.017230063428651892,2
0.008211118220607189,-0.14959406014133245,-0.017412269704815304,6
0.062265480795307394,0.22522495259774888,-0.04755765481655019,6
0.08931982007855757,0.1448189998355459,0.1268323302831098,0
0.20922976723923148,-0.11754153168194466,0.028222898261500852,0
-0.20333175027391662,0.017734835914478338,-0.04711361877888869,7
0.03105247441122602,0.006985422091338598,-0.06814712594723978,2
0.27492601005434547,0.03452308577833777,-0.1333023289007866,9
-0.08304101739251074,-0.11504799508386834,-0.03540880600930348,7
-0.25745409124403745,0.026005530203170063,-0.012837939459115412,1
0.07160050356321761,-0.06225147666884401,0.05160705689058416,6
0.03565037050304807,-0.13306092600151723,-0.01963216040636728,6
-0.011191991724131836,-0.0037686755859246386,-0.133551795298231,3
0.006130196107704419,0.035829342680407134,0.12108327157559023,6
-0.0392296875912769,-0.006587183184804367,0.043360310595323234,3
-0.03296802698440372,0.156634353045242,-0.015142043947908896,0
-0.09144343151825642,0.04704455317039174,-0.10680565972318817,3
-0.08210433164783149,0.0650811641987725,-0.08081897122973114,0
-0.08643691928003835,0.02514512764069032,-0.05871123436725371,6
0.07241212509941634,0.0622633288328781,-0.0818653497432272,2
-0.012049570858913214,0.014137365505434724,-0.035385329861967,2
0.03159458967239311,0.1388616487546969,0.10532242706467575,3
0.0827460206430389,-0.07883874902652713,-0.0377025888477151,1
0.210443710501746,-0.01223510777027153,-0.046482257224044775,7
-0.054560681487431754,0.0775175658547197,-0.12677957570966275,5
0.09933133087837848,0.09256188909097651,0.17264340304000814,6
0.17040592285530118,0.022770261374206346,0.049144258081303904,1
0.0169825019399045,-0.01043290605275693,0.01189915632987181,6
0.009173571158745253,0.10137298572533851,0.028584291629620586,0
0.09737353466072088,0.026555553225750407,0.03707852071682209,5
0.17781447109704765,-0.06259966663547971,-0.004769861641929985,3
-0.0782704416762672,0.12587163456917852,0.2871832176332121,8
0.07043910554451127,0.2856227674464031,0.10944362494952829,3
-0.07911288330415728,-0.13236561784910214,-0.08584789541460447,7
-0.02280030001403372,-0.015527550587898767,-0.03360226398105692,5
0.02143632397802483,-0.13277151473213447,0.04982903777737323,7
-0.08137276874358594,-0.0369362320724065,0.037491121187554974,7
0.14297044384495078,-0.015492832140641774,0.04722100229898464,0
0.1827874529180857,0.09946876271196906,-0.04569744280742861,9
-0.0830056271874211,0.03274036655719339,0.02080132880158209,2
-0.02293723733071865,0.13610859435436515,-0.09912400556370637,4
0.13594862608125063,-0.05861358892624391,0.02661449226832013,3
-0.05177503463434635,0.058619070476165394,0.11537508754404202,3
0.12398438863512676,0.1500113272123899,0.027079808202304857,4
-0.11400698732896078,0.08706720369289837,-0.10797290094296473,0
0.03313577121708487,0.05891886377457435,-0.01670268026840368,0
0.0029611474118409844,-0.08011994431768822,0.03945569429165319,7
0.056563826580983294,0.02636042575505053,-0.040571878692894595,9
0.014785325132611871,0.0286740772709844,-0.007281032670559032,7
-0.20630077090326682,-0.08281935632588251,0.22235675707362323,9
0.0850477406806279,0.03347647315083017,0.031211776396983498,0
-0.0016263108500260586,-0.060532473063222264,-0.010736982158306173,2
0.10854439451186876,0.03091685474205972,-0.022757553054557945,6
-0.029134144139374814,0.06183648860219581,0.1540330964461482,0
0.1922109368542585,-0.08122567160294852,0.05547186148779957,4
-0.050461490123539246,0.2709476477278123,0.03641329975741699,0
0.16321118499662726,-0.04095801047348488,0.08842549173314104,4
0.002624295639109051,-0.04877210752929273,-0.018882220570013847,4
-0.0985309628727687,0.16687119105215312,-0.04957663162676995,8
0.02297009790734056,-0.14824413013373064,0.04963542727523119,7
0.058754282442636176,0.019268616622155565,0.11778139586643482,8
0.054382247974826686,0.08931074830034826,-0.09272656578073254,3
0.05304447672062922,0.15950342806003268,-0.028005459517513456,4
-0.15670422950554858,-0.029607025733754084,0.11059107769653649,9
-0.1589036464243233,-0.10422828310732422,0.030498895783256253,2
0.07954956405080427,0.12074877783645643,0.04114976869696214,2
-0.1294624892208482,0.042058134117328366,-0.034640763673177026,7
0.03154958547246852,-0.13769584604148793,0.03993475206066307,0
0.057633873701370686,-0.08050571821625552,-0.19028688446855851,3
-0.21397217188879325,0.04981761299996803,-0.046683798852434566,4
-0.04762780952002841,-0.14286230702193933,0.0974331777020801,3
-0.13376270041442548,0.1712883284412917,-0.17088337730280978,2
-0.08081885721714063,-0.019102245188147862,0.1056758396262235,8
-0.10682224115755173,-0.0028356427596696685,0.029342760543401736,8
-0.02467349347867784,-0.08041356115090934,0.09859805760944014,7
0.07064285050959472,-0.028220411582731544,0.1799352810343404,3
-0.1641618940691982,0.18808537186038288,0.1586502323397155,4
0.07584878077097848,-0.04889068415642904,-0.17230783382851353,7
-0.013801167786073846,0.11997416567314659,0.23109448864208515,3
0.018729133683971205,0.11286345247104655,0.07922899008005946,6
-0.05243402130767247,-0.028649491359098042,0.08253113199639554,8
0.05550433534818518,-0.050719083865131145,0.015635002169988216,5
-0.0813880640206273,0.10680063940071594,0.05617550874520488,1
-0.013475519822414904,0.002828871839568044,-0.007122135714803835,0
-0.032952442513675094,0.21074152398160473,0.04495237864344717,2
0.05550730038331436,0.09283299659298722,0.1810984260829691,2
0.049719022340703765,-0.0669900256362423,0.03748278855556907,9
-0.09291026559241704,-0.06557811879174512,-0.17429625892466655,8
-0.08351838469302458,0.11346607116219408,-0.06652721006098478,8
-0.060845864791520404,0.07722902507010507,0.006090317051971782,5
-0.025195797120377936,0.020190400458405068,-0.022285888906613885,3
0.043429234921629666,0.07552200693943611,-0.0346342392908652,2
0.08616082502585627,0.17864507479369285,-0.055700443212997136,4
0.05423764912920213,-0.028109105842421735,-0.013936816959203896,2
-0.06455072461819959,0.08270871331653462,-0.09085899821428524,2
0.062032411965481794,0.04833695941476915,-0.07967954219863634,1
0.05979319410873362,0.04558339456986865,0.01533120628683202,9
0.11023878227350858,-0.02709340225025672,0.07260666627470505,0
0.12608792620383732,-0.07012461998433507,0.024782855593477825,0
0.032986953439231095,-0.059582572499517455,0.07179639832010558,7
0.027296606308925744,0.16030686701584684,-0.12549991605306088,3
-0.14088561949985676,-0.07045368123420574,-0.0498884142927834,7
0.03337980403723617,-0.028587552444382443,-0.011320470673921501,9
0.03964106030666659,-0.016811265719878836,0.0027276213676554763,6
0.12311580797391859,0.08457712504567734,-0.01517492774922403,5
-0.012293218626992043,0.1591227578101138,-0.047187806600214655,1
-0.04670972225038202,-0.05811868057581572,-0.018266664609021557,2
-0.10049481465087196,-0.042326159307217115,0.07316607810081376,6
-0.02702118692808308,0.12429804622197001,-0.04775853477459061,7
0.07958448232607422,-0.09908968986192457,0.012295641237992578,6
0.04981622054438794,-0.02686227552803835,-0.10301939859922149,6
-0.04123102949865007,0.07172839107638171,0.021492399102323714,9
0.13101863850791082,0.1655050889323444,0.09762362895237438,6
-0.021676170856874007,-0.028642859438602217,0.15457738873075716,4
0.09098974352613204,-0.13487704134161954,-0.11501088821481723,2
-0.05886490486864987,0.026923152183341854,0.021107307400600232,2
0.13130567057742512,0.08466209092894056,0.038964802061897896,0
0.012537402255701933,0.07214765297853393,0.1545037061838215,8
0.01726973779467218,0.08640867657298257,-0.02412841541424484,0
0.005801558393866601,0.17282692934056892,-0.18214484616690219,0
0.07746297197964247,-0.05830011872197258,0.1493304736108535,0
-0.04351409234810147,-0.10135236873479503,0.12389317815268984,9
-0.04154729362060971,-0.145401936303457,0.094117315351166,0
-0.1506651784800519,0.02051082681876808,-0.015008214309045406,9
0.07016308606381046,-0.03816865468907754,0.09874268469903968,6
-0.0013001384328496554,-0.10256161565047875,-0.19799643401350245,3
-0.10527744684373369,-0.01629880460880164,0.11257489189769117,7
-0.04642059610224184,-0.05906624198871995,-0.10530087237276123,7
0.17485483608798835,0.1829197170653985,0.13889392817442486,0
0.09783273990282283,0.045908188055365645,0.23349263016203414,0
-0.05169609798417016,-0.0855968940433929,-0.10317847358277124,9
0.14662916541174656,-0.021882583066380877,0.061611992531018636,7
-0.07385139726310064,-0.16924115743182433,-0.11351086595106548,5
-0.05249670709555877,-0.029823292746444924,-0.0420400013299507,3
0.003674351028746991,-0.040443874328292356,-0.19786138805008338,7
0.09606310227668349,-0.07024150875002809,0.11226023136225782,1
-0.06459296325137738,0.0111476353739105,-0.14697848842826064,9
0.08210740466432367,0.16584193190534258,0.016604369907738555,1
-0.04051599457105496,0.005489577820815129,0.10328916706421942,7
0.017696939495762936,-0.01913225065457687,0.02884136255942912,8
-0.030903069291241526,-0.2062726465377805,0.01196451252472807,4
-0.05565889583283406,0.12320288424682918,-0.1521857167397507,5
-0.08470540145907449,0.026769990634240837,-0.02774906599359594,0
0.17770891095567076,0.1573161560554216,-0.004919401387216055,7
0.004179292592048393,0.17473760415787062,-0.056802179875178764,1
0.09958270636762434,0.016257902424082073,-0.024482431460200873,1
-0.011140946231549561,0.059103210347964674,-0.0565394808416301,2
0.13432240252556918,0.19611823631879843,-0.016663822099851854,5
0.13947934933654976,-0.03506800388516295,0.1367768050058362,0
0.08822105322151697,0.03356143647595562,-0.2441763166408586,2
-0.13909101208271576,0.03706108205859768,0.10242295984537751,3
0.12359134565424655,0.021670871624339942,0.011862580084058624,2
0.03205978759890605,0.08922063970681277,-0.07677850895905593,9
-0.05057807693432329,-0.20690036333104628,0.055518311327486004,5
0.18083370560497175,0.21193537614802707,0.0509160793884178,3
-0.016541945441753917,0.01431963976758726,-0.009816010037182365,3
-0.1718963226581211,0.012822976743563634,0.02688125666950998,3
-0.009536791094871135,-0.1135177253202962,0.008326037392779826,2
0.2056691066328804,0.06493534204022483,0.043132251490879764,3
-0.18236493743101434,0.09592415676349324,0.08898398900419274,5
-0.13060762398373632,-0.18006614359912199,0.20151217798877533,5
0.14830319051314217,0.05057623985697059,-0.045417510411758885,6
-0.18678617909405426,0.12907170113534003,0.0855598745608056,6
-0.23218254489350854,-0.08216648797019642,0.0187392378443794,0
0.17333478462950425,0.0017415498529973488,0.002859230655644815,4
0.019544087659483966,0.030764459261190737,0.009544499372069169,1
0.04230776726262604,-0.058298488389610804,0.16089503640689645,2
-0.028496304493261366,0.023368447507389103,-0.08803725694900671,3
-0.1490338259105926,-0.10155996888697989,0.03315996585718475,7
0.023931746659461677,0.13400512072986293,0.07472108663864929,0
-0.0698057916935617,0.2182781875415278,-0.17352263818408345,5
0.04648813805614754,0.004917438804298411,0.1946726613726047,8
0.061515381853629626,-0.039255500084173035,0.0047574416404046575,6
0.15853161882803496,-0.06523006313259758,0.0734202321212519,5
-0.05429078248094127,-0.01596402572152162,0.02902612356235698,7
-0.0641968584872926,0.005388367040611488,-0.0649720418258055,7
-0.17220129126328898,-0.055645482752590326,-0.12671416463501906,9
-0.06694474122950685,0.05957304481780626,0.07909595062466684,4
0.01142676882784912,-0.1975844821058362,-0.0032520746657377798,9
0.052088174167422036,0.0737267292471602,0.04660796572860436,6
-0.05367998110531394,0.034387299073501326,0.05725696930179217,0
-0.019396004692189047,0.10311180588695701,-0.19771050553094244,6
-0.09759848104907888,-0.025900524687587773,0.2207439866562645,2
0.01368918113852103,-0.06747875884337122,0.030183207385109857,8
0.09365950237626795,-0.07112117868006944,0.13246215236640033,4
-0.07629024319957099,-0.2613515322689263,0.04879254127116353,1
-0.04168179589706326,-0.056022917016230245,-0.1729124525882617,7
0.011090044114366572,-0.14593514282291595,-0.15117755278174694,1
0.050721066092302994,0.0759638036767487,-0.16139278480336772,5
-0.03425524143556707,0.024785832320040342,-0.08592590648282164,7
0.07008252638964721,0.12979541795494207,0.07103466819293598,9
-0.06272117917594772,-0.07507484111336121,0.08273769782923483,3
-0.04794134394100952,0.03214583683547273,0.14072673542256883,2
0.10242780126432771,-0.03163209988986838,-0.11659789399774845,5
0.060309153996966784,0.1250337124770791,-0.035026402432099916,6
-0.01826875738744034,-0.06311017118031523,-0.02594557085163092,8
0.05626438286849844,0.0044292864926571,0.08601364202382594,6
-0.021716888930677445,-0.020427037768478307,-0.10261210287518485,4
0.0557071932487507,-0.1528741906556548,0.012366402669157488,7
-0.005173855238887096,-0.02857630639907483,-0.008598812588204488,6
0.07171075588245528,0.09769799024528059,-0.03828449075157083,7
0.016595543200925784,-0.10578907857937994,0.07623097195881604,5
-0.042364712014777234,0.15640288017560044,0.024119835784934592,8
-0.16966234643077727,-0.06602803685950352,0.053863305076830584,9
0.045322830590105646,-0.07688640522653578,-0.16541939377496315,6
0.04988753315519798,0.013255337844844828,-0.042922878524825486,9
-0.1320272211063706,0.10543284591571228,-0.04822272665729879,1
-0.09697873693116868,-0.04776415948200888,0.08799069628624613,1
-0.08507878077743902,0.08865789502329155,-0.05639252244187544,9
0.12339169430074635,0.025418109766078525,0.10725241094983798,5
-0.0661623140447665,0.08203507840098709,-0.14138763662141052,1
0.183310747453209,-0.17475205454916845,0.1039852975344413,3
0.06593456950408011,-0.04297792500207174,0.0035670547108499874,9
0.005827860539734648,-0.12328160171851035,0.074414345573268,7
0.07683617501690153,-0.13835561541735067,-0.18663534147779895,6
0.005591470926627723,-0.10832524415917276,-0.10019849756904274,5
0.05465664093354026,0.025404659567526175,0.12994110438033984,9
0.11596577978420092,0.05724255937793287,0.060820920480899425,7
0.07545631519188216,-0.02016488158433996,0.0009357100012058584,0
-0.058606107413273115,-0.0403928738620415,-0.14165861238749144,8
-0.05161743158503934,-0.06275544617854936,-0.07504885718523796,9
0.02074427314654366,-0.06215661449037925,-0.10994590655301716,7
-0.13113937617765045,-0.09614642970492203,-0.013218053678424086,2
-0.01674404272301298,0.0835841711863708,-0.2205895342913732,6
0.08797715232965712,-0.028449690433555015,-3.8161499420162577e-05,4
0.0013076102552073228,-0.08737325578346494,-0.19972450433989664,7
-0.15908119940988322,0.024947695194785194,0.1576629875509281,4
-0.169462085916812,-0.023975538318439286,-0.11596938612201818,5
-0.05410158589027652,-0.10058920757886958,-0.019830106339095342,2
-0.06599089440237485,-0.07230129387939363,0.09538766522332703,0
-0.05782122927702841,0.1745416717055278,-0.031244231931920968,6
-0.019130995092115875,0.03811000555224286,-0.003212778731180569,5
0.17788564554197073,-0.057964798891625084,-0.1149224934864799,5
-0.06380094038931199,0.07696039918951077,0.13244033848161343,6
0.03948033800708707,0.0022537935888379992,0.02018944846984823,9
-0.01085962640824535,-0.07216299122507408,-0.1713378064843658,0
0.3122732010179339,0.16784301105764307,-0.05040083705518017,0
0.07143910684719944,-0.06444927837504191,0.10283892798146937,1
